"country","date","cases"
"Australia",2020-01-01,0
"Australia",2020-01-02,0
"Australia",2020-01-03,0
"Australia",2020-01-04,0
"Australia",2020-01-05,0
"Australia",2020-01-06,0
"Australia",2020-01-07,0
"Australia",2020-01-08,0
"Australia",2020-01-09,0
"Australia",2020-01-10,0
"Australia",2020-01-11,0
"Australia",2020-01-12,0
"Australia",2020-01-13,0
"Australia",2020-01-14,0
"Australia",2020-01-15,0
"Australia",2020-01-16,0
"Australia",2020-01-17,0
"Australia",2020-01-18,0
"Australia",2020-01-19,0
"Australia",2020-01-20,0
"Australia",2020-01-21,0
"Australia",2020-01-22,0
"Australia",2020-01-23,1
"Australia",2020-01-24,3
"Australia",2020-01-25,0
"Australia",2020-01-26,0
"Australia",2020-01-27,1
"Australia",2020-01-28,0
"Australia",2020-01-29,4
"Australia",2020-01-30,0
"Australia",2020-01-31,0
"Australia",2020-02-01,1
"Australia",2020-02-02,2
"Australia",2020-02-03,0
"Australia",2020-02-04,1
"Australia",2020-02-05,1
"Australia",2020-02-06,1
"Australia",2020-02-07,0
"Australia",2020-02-08,0
"Australia",2020-02-09,0
"Australia",2020-02-10,0
"Australia",2020-02-11,0
"Australia",2020-02-12,0
"Australia",2020-02-13,0
"Australia",2020-02-14,0
"Australia",2020-02-15,0
"Australia",2020-02-16,0
"Australia",2020-02-17,0
"Australia",2020-02-18,0
"Australia",2020-02-19,0
"Australia",2020-02-20,0
"Australia",2020-02-21,4
"Australia",2020-02-22,1
"Australia",2020-02-23,0
"Australia",2020-02-24,0
"Australia",2020-02-25,0
"Australia",2020-02-26,0
"Australia",2020-02-27,3
"Australia",2020-02-28,2
"Australia",2020-02-29,0
"Australia",2020-03-01,3
"Australia",2020-03-02,4
"Australia",2020-03-03,8
"Australia",2020-03-04,11
"Australia",2020-03-05,8
"Australia",2020-03-06,4
"Australia",2020-03-07,10
"Australia",2020-03-08,7
"Australia",2020-03-09,12
"Australia",2020-03-10,20
"Australia",2020-03-11,15
"Australia",2020-03-12,30
"Australia",2020-03-13,41
"Australia",2020-03-14,51
"Australia",2020-03-15,48
"Australia",2020-03-16,79
"Australia",2020-03-17,78
"Australia",2020-03-18,113
"Australia",2020-03-19,142
"Australia",2020-03-20,138
"Australia",2020-03-21,225
"Australia",2020-03-22,280
"Australia",2020-03-23,328
"Australia",2020-03-24,370
"Australia",2020-03-25,380
"Australia",2020-03-26,379
"Australia",2020-03-27,372
"Australia",2020-03-28,459
"Australia",2020-03-29,345
"Australia",2020-03-30,270
"Australia",2020-03-31,313
"Australia",2020-04-01,306
"Australia",2020-04-02,276
"Australia",2020-04-03,227
"Australia",2020-04-04,190
"Australia",2020-04-05,143
"Australia",2020-04-06,106
"Australia",2020-04-07,119
"Australia",2020-04-08,105
"Australia",2020-04-09,85
"Australia",2020-04-10,107
"Australia",2020-04-11,97
"Australia",2020-04-12,25
"Austria",2020-01-01,0
"Austria",2020-01-02,0
"Austria",2020-01-03,0
"Austria",2020-01-04,0
"Austria",2020-01-05,0
"Austria",2020-01-06,0
"Austria",2020-01-07,0
"Austria",2020-01-08,0
"Austria",2020-01-09,0
"Austria",2020-01-10,0
"Austria",2020-01-11,0
"Austria",2020-01-12,0
"Austria",2020-01-13,0
"Austria",2020-01-14,0
"Austria",2020-01-15,0
"Austria",2020-01-16,0
"Austria",2020-01-17,0
"Austria",2020-01-18,0
"Austria",2020-01-19,0
"Austria",2020-01-20,0
"Austria",2020-01-21,0
"Austria",2020-01-22,0
"Austria",2020-01-23,0
"Austria",2020-01-24,0
"Austria",2020-01-25,0
"Austria",2020-01-26,0
"Austria",2020-01-27,0
"Austria",2020-01-28,0
"Austria",2020-01-29,0
"Austria",2020-01-30,0
"Austria",2020-01-31,0
"Austria",2020-02-01,0
"Austria",2020-02-02,0
"Austria",2020-02-03,0
"Austria",2020-02-04,0
"Austria",2020-02-05,0
"Austria",2020-02-06,0
"Austria",2020-02-07,0
"Austria",2020-02-08,0
"Austria",2020-02-09,0
"Austria",2020-02-10,0
"Austria",2020-02-11,0
"Austria",2020-02-12,0
"Austria",2020-02-13,0
"Austria",2020-02-14,0
"Austria",2020-02-15,0
"Austria",2020-02-16,0
"Austria",2020-02-17,0
"Austria",2020-02-18,0
"Austria",2020-02-19,0
"Austria",2020-02-20,0
"Austria",2020-02-21,0
"Austria",2020-02-22,0
"Austria",2020-02-23,0
"Austria",2020-02-24,1
"Austria",2020-02-25,0
"Austria",2020-02-26,1
"Austria",2020-02-27,2
"Austria",2020-02-28,4
"Austria",2020-02-29,1
"Austria",2020-03-01,4
"Austria",2020-03-02,5
"Austria",2020-03-03,6
"Austria",2020-03-04,14
"Austria",2020-03-05,9
"Austria",2020-03-06,29
"Austria",2020-03-07,23
"Austria",2020-03-08,28
"Austria",2020-03-09,22
"Austria",2020-03-10,55
"Austria",2020-03-11,109
"Austria",2020-03-12,97
"Austria",2020-03-13,182
"Austria",2020-03-14,210
"Austria",2020-03-15,198
"Austria",2020-03-16,226
"Austria",2020-03-17,346
"Austria",2020-03-18,372
"Austria",2020-03-19,455
"Austria",2020-03-20,509
"Austria",2020-03-21,548
"Austria",2020-03-22,618
"Austria",2020-03-23,687
"Austria",2020-03-24,723
"Austria",2020-03-25,754
"Austria",2020-03-26,1056
"Austria",2020-03-27,807
"Austria",2020-03-28,617
"Austria",2020-03-29,547
"Austria",2020-03-30,673
"Austria",2020-03-31,550
"Austria",2020-04-01,548
"Austria",2020-04-02,438
"Austria",2020-04-03,411
"Austria",2020-04-04,253
"Austria",2020-04-05,183
"Austria",2020-04-06,306
"Austria",2020-04-07,289
"Austria",2020-04-08,290
"Austria",2020-04-09,276
"Austria",2020-04-10,357
"Austria",2020-04-11,203
"Austria",2020-04-12,111
"Belgium",2020-01-01,0
"Belgium",2020-01-02,0
"Belgium",2020-01-03,0
"Belgium",2020-01-04,0
"Belgium",2020-01-05,0
"Belgium",2020-01-06,0
"Belgium",2020-01-07,0
"Belgium",2020-01-08,0
"Belgium",2020-01-09,0
"Belgium",2020-01-10,0
"Belgium",2020-01-11,0
"Belgium",2020-01-12,0
"Belgium",2020-01-13,0
"Belgium",2020-01-14,0
"Belgium",2020-01-15,0
"Belgium",2020-01-16,0
"Belgium",2020-01-17,0
"Belgium",2020-01-18,0
"Belgium",2020-01-19,0
"Belgium",2020-01-20,0
"Belgium",2020-01-21,0
"Belgium",2020-01-22,0
"Belgium",2020-01-23,0
"Belgium",2020-01-24,0
"Belgium",2020-01-25,0
"Belgium",2020-01-26,0
"Belgium",2020-01-27,0
"Belgium",2020-01-28,0
"Belgium",2020-01-29,0
"Belgium",2020-01-30,0
"Belgium",2020-01-31,0
"Belgium",2020-02-01,0
"Belgium",2020-02-02,1
"Belgium",2020-02-03,0
"Belgium",2020-02-04,0
"Belgium",2020-02-05,0
"Belgium",2020-02-06,0
"Belgium",2020-02-07,0
"Belgium",2020-02-08,0
"Belgium",2020-02-09,0
"Belgium",2020-02-10,0
"Belgium",2020-02-11,0
"Belgium",2020-02-12,0
"Belgium",2020-02-13,0
"Belgium",2020-02-14,0
"Belgium",2020-02-15,0
"Belgium",2020-02-16,0
"Belgium",2020-02-17,0
"Belgium",2020-02-18,0
"Belgium",2020-02-19,0
"Belgium",2020-02-20,0
"Belgium",2020-02-21,0
"Belgium",2020-02-22,0
"Belgium",2020-02-23,0
"Belgium",2020-02-24,0
"Belgium",2020-02-25,0
"Belgium",2020-02-26,0
"Belgium",2020-02-27,0
"Belgium",2020-02-28,0
"Belgium",2020-02-29,18
"Belgium",2020-03-01,19
"Belgium",2020-03-02,19
"Belgium",2020-03-03,34
"Belgium",2020-03-04,53
"Belgium",2020-03-05,81
"Belgium",2020-03-06,110
"Belgium",2020-03-07,27
"Belgium",2020-03-08,64
"Belgium",2020-03-09,94
"Belgium",2020-03-10,99
"Belgium",2020-03-11,174
"Belgium",2020-03-12,250
"Belgium",2020-03-13,338
"Belgium",2020-03-14,179
"Belgium",2020-03-15,214
"Belgium",2020-03-16,387
"Belgium",2020-03-17,422
"Belgium",2020-03-18,534
"Belgium",2020-03-19,713
"Belgium",2020-03-20,662
"Belgium",2020-03-21,469
"Belgium",2020-03-22,486
"Belgium",2020-03-23,1328
"Belgium",2020-03-24,1195
"Belgium",2020-03-25,1199
"Belgium",2020-03-26,1363
"Belgium",2020-03-27,1518
"Belgium",2020-03-28,844
"Belgium",2020-03-29,683
"Belgium",2020-03-30,1738
"Belgium",2020-03-31,1681
"Belgium",2020-04-01,1516
"Belgium",2020-04-02,1478
"Belgium",2020-04-03,1694
"Belgium",2020-04-04,922
"Belgium",2020-04-05,665
"Belgium",2020-04-06,1934
"Belgium",2020-04-07,1515
"Belgium",2020-04-08,1598
"Belgium",2020-04-09,2239
"Belgium",2020-04-10,2336
"Belgium",2020-04-11,1029
"Belgium",2020-04-12,524
"Brazil",2020-02-25,1
"Brazil",2020-02-26,0
"Brazil",2020-02-27,0
"Brazil",2020-02-28,1
"Brazil",2020-02-29,0
"Brazil",2020-03-01,0
"Brazil",2020-03-02,0
"Brazil",2020-03-03,0
"Brazil",2020-03-04,1
"Brazil",2020-03-05,4
"Brazil",2020-03-06,7
"Brazil",2020-03-07,5
"Brazil",2020-03-08,6
"Brazil",2020-03-09,0
"Brazil",2020-03-10,9
"Brazil",2020-03-11,19
"Brazil",2020-03-12,36
"Brazil",2020-03-13,17
"Brazil",2020-03-14,36
"Brazil",2020-03-15,90
"Brazil",2020-03-16,56
"Brazil",2020-03-17,54
"Brazil",2020-03-18,191
"Brazil",2020-03-19,138
"Brazil",2020-03-20,331
"Brazil",2020-03-21,224
"Brazil",2020-03-22,396
"Brazil",2020-03-23,359
"Brazil",2020-03-24,303
"Brazil",2020-03-25,311
"Brazil",2020-03-26,424
"Brazil",2020-03-27,487
"Brazil",2020-03-28,479
"Brazil",2020-03-29,360
"Brazil",2020-03-30,353
"Brazil",2020-03-31,1162
"Brazil",2020-04-01,1107
"Brazil",2020-04-02,1169
"Brazil",2020-04-03,1112
"Brazil",2020-04-04,1169
"Brazil",2020-04-05,1043
"Brazil",2020-04-06,838
"Brazil",2020-04-07,1821
"Brazil",2020-04-08,2175
"Brazil",2020-04-09,1939
"Brazil",2020-04-10,1760
"Brazil",2020-04-11,1055
"Brazil",2020-04-12,1464
"Canada",2020-01-15,0
"Canada",2020-01-16,0
"Canada",2020-01-17,0
"Canada",2020-01-18,0
"Canada",2020-01-19,0
"Canada",2020-01-20,0
"Canada",2020-01-21,0
"Canada",2020-01-22,0
"Canada",2020-01-23,2
"Canada",2020-01-24,1
"Canada",2020-01-25,0
"Canada",2020-01-26,0
"Canada",2020-01-27,0
"Canada",2020-01-28,0
"Canada",2020-01-29,0
"Canada",2020-01-30,0
"Canada",2020-01-31,0
"Canada",2020-02-01,0
"Canada",2020-02-02,0
"Canada",2020-02-03,0
"Canada",2020-02-04,0
"Canada",2020-02-05,2
"Canada",2020-02-06,1
"Canada",2020-02-07,0
"Canada",2020-02-08,0
"Canada",2020-02-09,0
"Canada",2020-02-10,0
"Canada",2020-02-11,0
"Canada",2020-02-12,0
"Canada",2020-02-13,0
"Canada",2020-02-14,0
"Canada",2020-02-15,0
"Canada",2020-02-16,0
"Canada",2020-02-17,0
"Canada",2020-02-18,1
"Canada",2020-02-19,0
"Canada",2020-02-20,0
"Canada",2020-02-21,1
"Canada",2020-02-22,0
"Canada",2020-02-23,0
"Canada",2020-02-24,2
"Canada",2020-02-25,1
"Canada",2020-02-26,1
"Canada",2020-02-27,2
"Canada",2020-02-28,5
"Canada",2020-02-29,4
"Canada",2020-03-01,2
"Canada",2020-03-02,0
"Canada",2020-03-03,7
"Canada",2020-03-04,1
"Canada",2020-03-05,10
"Canada",2020-03-06,10
"Canada",2020-03-07,6
"Canada",2020-03-08,10
"Canada",2020-03-09,13
"Canada",2020-03-10,28
"Canada",2020-03-11,47
"Canada",2020-03-12,53
"Canada",2020-03-13,62
"Canada",2020-03-14,90
"Canada",2020-03-15,88
"Canada",2020-03-16,129
"Canada",2020-03-17,143
"Canada",2020-03-18,150
"Canada",2020-03-19,185
"Canada",2020-03-20,276
"Canada",2020-03-21,278
"Canada",2020-03-22,350
"Canada",2020-03-23,459
"Canada",2020-03-24,602
"Canada",2020-03-25,570
"Canada",2020-03-26,665
"Canada",2020-03-27,877
"Canada",2020-03-28,883
"Canada",2020-03-29,781
"Canada",2020-03-30,1085
"Canada",2020-03-31,1250
"Canada",2020-04-01,1466
"Canada",2020-04-02,1275
"Canada",2020-04-03,1345
"Canada",2020-04-04,1116
"Canada",2020-04-05,1109
"Canada",2020-04-06,1118
"Canada",2020-04-07,1201
"Canada",2020-04-08,1430
"Canada",2020-04-09,1177
"Canada",2020-04-10,1334
"Canada",2020-04-11,1165
"Canada",2020-04-12,1311
"Denmark",2020-01-01,0
"Denmark",2020-01-02,0
"Denmark",2020-01-03,0
"Denmark",2020-01-04,0
"Denmark",2020-01-05,0
"Denmark",2020-01-06,0
"Denmark",2020-01-07,0
"Denmark",2020-01-08,0
"Denmark",2020-01-09,0
"Denmark",2020-01-10,0
"Denmark",2020-01-11,0
"Denmark",2020-01-12,0
"Denmark",2020-01-13,0
"Denmark",2020-01-14,0
"Denmark",2020-01-15,0
"Denmark",2020-01-16,0
"Denmark",2020-01-17,0
"Denmark",2020-01-18,0
"Denmark",2020-01-19,0
"Denmark",2020-01-20,0
"Denmark",2020-01-21,0
"Denmark",2020-01-22,0
"Denmark",2020-01-23,0
"Denmark",2020-01-24,0
"Denmark",2020-01-25,0
"Denmark",2020-01-26,0
"Denmark",2020-01-27,0
"Denmark",2020-01-28,0
"Denmark",2020-01-29,0
"Denmark",2020-01-30,0
"Denmark",2020-01-31,0
"Denmark",2020-02-01,0
"Denmark",2020-02-02,0
"Denmark",2020-02-03,0
"Denmark",2020-02-04,0
"Denmark",2020-02-05,0
"Denmark",2020-02-06,0
"Denmark",2020-02-07,0
"Denmark",2020-02-08,0
"Denmark",2020-02-09,0
"Denmark",2020-02-10,0
"Denmark",2020-02-11,0
"Denmark",2020-02-12,0
"Denmark",2020-02-13,0
"Denmark",2020-02-14,0
"Denmark",2020-02-15,0
"Denmark",2020-02-16,0
"Denmark",2020-02-17,0
"Denmark",2020-02-18,0
"Denmark",2020-02-19,0
"Denmark",2020-02-20,0
"Denmark",2020-02-21,0
"Denmark",2020-02-22,0
"Denmark",2020-02-23,0
"Denmark",2020-02-24,0
"Denmark",2020-02-25,1
"Denmark",2020-02-26,1
"Denmark",2020-02-27,0
"Denmark",2020-02-28,1
"Denmark",2020-02-29,1
"Denmark",2020-03-01,4
"Denmark",2020-03-02,4
"Denmark",2020-03-03,3
"Denmark",2020-03-04,10
"Denmark",2020-03-05,2
"Denmark",2020-03-06,9
"Denmark",2020-03-07,48
"Denmark",2020-03-08,210
"Denmark",2020-03-09,255
"Denmark",2020-03-10,206
"Denmark",2020-03-11,41
"Denmark",2020-03-12,33
"Denmark",2020-03-13,37
"Denmark",2020-03-14,45
"Denmark",2020-03-15,74
"Denmark",2020-03-16,76
"Denmark",2020-03-17,83
"Denmark",2020-03-18,106
"Denmark",2020-03-19,102
"Denmark",2020-03-20,48
"Denmark",2020-03-21,62
"Denmark",2020-03-22,131
"Denmark",2020-03-23,138
"Denmark",2020-03-24,151
"Denmark",2020-03-25,170
"Denmark",2020-03-26,215
"Denmark",2020-03-27,200
"Denmark",2020-03-28,127
"Denmark",2020-03-29,309
"Denmark",2020-03-30,254
"Denmark",2020-03-31,279
"Denmark",2020-04-01,380
"Denmark",2020-04-02,471
"Denmark",2020-04-03,293
"Denmark",2020-04-04,157
"Denmark",2020-04-05,423
"Denmark",2020-04-06,345
"Denmark",2020-04-07,294
"Denmark",2020-04-08,136
"Denmark",2020-04-09,140
"Denmark",2020-04-10,139
"Denmark",2020-04-11,156
"Denmark",2020-04-12,156
"France",2020-01-01,0
"France",2020-01-02,0
"France",2020-01-03,0
"France",2020-01-04,0
"France",2020-01-05,0
"France",2020-01-06,0
"France",2020-01-07,0
"France",2020-01-08,0
"France",2020-01-09,0
"France",2020-01-10,0
"France",2020-01-11,0
"France",2020-01-12,0
"France",2020-01-13,0
"France",2020-01-14,0
"France",2020-01-15,0
"France",2020-01-16,0
"France",2020-01-17,0
"France",2020-01-18,0
"France",2020-01-19,0
"France",2020-01-20,0
"France",2020-01-21,0
"France",2020-01-22,3
"France",2020-01-23,0
"France",2020-01-24,0
"France",2020-01-25,0
"France",2020-01-26,0
"France",2020-01-27,1
"France",2020-01-28,1
"France",2020-01-29,1
"France",2020-01-30,0
"France",2020-01-31,0
"France",2020-02-01,0
"France",2020-02-02,0
"France",2020-02-03,0
"France",2020-02-04,0
"France",2020-02-05,0
"France",2020-02-06,5
"France",2020-02-07,0
"France",2020-02-08,0
"France",2020-02-09,0
"France",2020-02-10,0
"France",2020-02-11,0
"France",2020-02-12,0
"France",2020-02-13,0
"France",2020-02-14,0
"France",2020-02-15,1
"France",2020-02-16,0
"France",2020-02-17,0
"France",2020-02-18,0
"France",2020-02-19,0
"France",2020-02-20,0
"France",2020-02-21,0
"France",2020-02-22,0
"France",2020-02-23,0
"France",2020-02-24,2
"France",2020-02-25,3
"France",2020-02-26,21
"France",2020-02-27,19
"France",2020-02-28,43
"France",2020-02-29,23
"France",2020-03-01,48
"France",2020-03-02,38
"France",2020-03-03,21
"France",2020-03-04,73
"France",2020-03-05,138
"France",2020-03-06,190
"France",2020-03-07,336
"France",2020-03-08,177
"France",2020-03-09,286
"France",2020-03-10,372
"France",2020-03-11,497
"France",2020-03-12,595
"France",2020-03-13,785
"France",2020-03-14,839
"France",2020-03-15,923
"France",2020-03-16,1210
"France",2020-03-17,1097
"France",2020-03-18,1404
"France",2020-03-19,1861
"France",2020-03-20,1617
"France",2020-03-21,1847
"France",2020-03-22,2230
"France",2020-03-23,3167
"France",2020-03-24,2446
"France",2020-03-25,2931
"France",2020-03-26,3922
"France",2020-03-27,3809
"France",2020-03-28,4611
"France",2020-03-29,2599
"France",2020-03-30,4376
"France",2020-03-31,7578
"France",2020-04-01,4861
"France",2020-04-02,2116
"France",2020-04-03,5233
"France",2020-04-04,4267
"France",2020-04-05,1873
"France",2020-04-06,3912
"France",2020-04-07,3777
"France",2020-04-08,3881
"France",2020-04-09,4286
"France",2020-04-10,4342
"France",2020-04-11,3114
"France",2020-04-12,1613
"Germany",2020-01-01,0
"Germany",2020-01-02,1
"Germany",2020-01-03,0
"Germany",2020-01-04,0
"Germany",2020-01-05,0
"Germany",2020-01-06,0
"Germany",2020-01-07,0
"Germany",2020-01-08,0
"Germany",2020-01-09,0
"Germany",2020-01-10,0
"Germany",2020-01-11,0
"Germany",2020-01-12,0
"Germany",2020-01-13,0
"Germany",2020-01-14,0
"Germany",2020-01-15,0
"Germany",2020-01-16,0
"Germany",2020-01-17,0
"Germany",2020-01-18,0
"Germany",2020-01-19,0
"Germany",2020-01-20,0
"Germany",2020-01-21,0
"Germany",2020-01-22,1
"Germany",2020-01-23,0
"Germany",2020-01-24,0
"Germany",2020-01-25,0
"Germany",2020-01-26,0
"Germany",2020-01-27,2
"Germany",2020-01-28,2
"Germany",2020-01-29,0
"Germany",2020-01-30,4
"Germany",2020-01-31,1
"Germany",2020-02-01,0
"Germany",2020-02-02,1
"Germany",2020-02-03,4
"Germany",2020-02-04,2
"Germany",2020-02-05,1
"Germany",2020-02-06,1
"Germany",2020-02-07,0
"Germany",2020-02-08,0
"Germany",2020-02-09,1
"Germany",2020-02-10,2
"Germany",2020-02-11,1
"Germany",2020-02-12,0
"Germany",2020-02-13,0
"Germany",2020-02-14,1
"Germany",2020-02-15,0
"Germany",2020-02-16,2
"Germany",2020-02-17,1
"Germany",2020-02-18,0
"Germany",2020-02-19,2
"Germany",2020-02-20,0
"Germany",2020-02-21,0
"Germany",2020-02-22,0
"Germany",2020-02-23,1
"Germany",2020-02-24,3
"Germany",2020-02-25,8
"Germany",2020-02-26,24
"Germany",2020-02-27,46
"Germany",2020-02-28,23
"Germany",2020-02-29,35
"Germany",2020-03-01,43
"Germany",2020-03-02,84
"Germany",2020-03-03,157
"Germany",2020-03-04,186
"Germany",2020-03-05,187
"Germany",2020-03-06,142
"Germany",2020-03-07,105
"Germany",2020-03-08,347
"Germany",2020-03-09,595
"Germany",2020-03-10,757
"Germany",2020-03-11,991
"Germany",2020-03-12,1464
"Germany",2020-03-13,1302
"Germany",2020-03-14,980
"Germany",2020-03-15,2037
"Germany",2020-03-16,3033
"Germany",2020-03-17,3598
"Germany",2020-03-18,4057
"Germany",2020-03-19,4056
"Germany",2020-03-20,3357
"Germany",2020-03-21,2265
"Germany",2020-03-22,3732
"Germany",2020-03-23,4878
"Germany",2020-03-24,5680
"Germany",2020-03-25,5901
"Germany",2020-03-26,5981
"Germany",2020-03-27,4720
"Germany",2020-03-28,3077
"Germany",2020-03-29,4120
"Germany",2020-03-30,6061
"Germany",2020-03-31,6257
"Germany",2020-04-01,6549
"Germany",2020-04-02,6191
"Germany",2020-04-03,4338
"Germany",2020-04-04,2536
"Germany",2020-04-05,3660
"Germany",2020-04-06,5185
"Germany",2020-04-07,5277
"Germany",2020-04-08,4909
"Germany",2020-04-09,3355
"Germany",2020-04-10,2884
"Germany",2020-04-11,1868
"Germany",2020-04-12,1598
"Hong Kong",2020-01-23,2
"Hong Kong",2020-01-24,3
"Hong Kong",2020-01-26,3
"Hong Kong",2020-01-29,2
"Hong Kong",2020-01-30,2
"Hong Kong",2020-01-31,1
"Hong Kong",2020-02-01,2
"Hong Kong",2020-02-04,3
"Hong Kong",2020-02-05,3
"Hong Kong",2020-02-06,3
"Hong Kong",2020-02-07,2
"Hong Kong",2020-02-09,10
"Hong Kong",2020-02-10,6
"Hong Kong",2020-02-11,7
"Hong Kong",2020-02-12,1
"Hong Kong",2020-02-13,3
"Hong Kong",2020-02-14,3
"Hong Kong",2020-02-16,1
"Hong Kong",2020-02-17,3
"Hong Kong",2020-02-18,2
"Hong Kong",2020-02-19,3
"Hong Kong",2020-02-20,4
"Hong Kong",2020-02-22,1
"Hong Kong",2020-02-23,4
"Hong Kong",2020-02-24,7
"Hong Kong",2020-02-25,4
"Hong Kong",2020-02-26,6
"Hong Kong",2020-02-27,2
"Hong Kong",2020-02-28,1
"Hong Kong",2020-02-29,1
"Hong Kong",2020-03-01,5
"Hong Kong",2020-03-02,1
"Hong Kong",2020-03-04,4
"Hong Kong",2020-03-06,3
"Hong Kong",2020-03-07,2
"Hong Kong",2020-03-08,5
"Hong Kong",2020-03-09,1
"Hong Kong",2020-03-10,5
"Hong Kong",2020-03-11,9
"Hong Kong",2020-03-12,2
"Hong Kong",2020-03-13,6
"Hong Kong",2020-03-14,4
"Hong Kong",2020-03-15,7
"Hong Kong",2020-03-16,9
"Hong Kong",2020-03-17,10
"Hong Kong",2020-03-18,25
"Hong Kong",2020-03-19,16
"Hong Kong",2020-03-20,48
"Hong Kong",2020-03-21,17
"Hong Kong",2020-03-22,44
"Hong Kong",2020-03-23,39
"Hong Kong",2020-03-24,30
"Hong Kong",2020-03-25,24
"Hong Kong",2020-03-26,43
"Hong Kong",2020-03-27,65
"Hong Kong",2020-03-28,64
"Hong Kong",2020-03-29,59
"Hong Kong",2020-03-30,41
"Hong Kong",2020-03-31,32
"Hong Kong",2020-04-01,51
"Hong Kong",2020-04-02,37
"Hong Kong",2020-04-03,43
"Hong Kong",2020-04-04,17
"Hong Kong",2020-04-05,28
"Hong Kong",2020-04-06,24
"Hong Kong",2020-04-07,21
"Hong Kong",2020-04-08,25
"Hong Kong",2020-04-09,13
"Hong Kong",2020-04-10,16
"Hong Kong",2020-04-11,11
"Hong Kong",2020-04-12,4
"Italy",2020-01-02,0
"Italy",2020-01-03,0
"Italy",2020-01-04,0
"Italy",2020-01-05,0
"Italy",2020-01-06,0
"Italy",2020-01-07,0
"Italy",2020-01-08,0
"Italy",2020-01-09,0
"Italy",2020-01-10,0
"Italy",2020-01-11,0
"Italy",2020-01-12,0
"Italy",2020-01-13,0
"Italy",2020-01-14,0
"Italy",2020-01-15,0
"Italy",2020-01-16,0
"Italy",2020-01-17,0
"Italy",2020-01-18,0
"Italy",2020-01-19,0
"Italy",2020-01-20,0
"Italy",2020-01-21,0
"Italy",2020-01-22,0
"Italy",2020-01-23,0
"Italy",2020-01-24,0
"Italy",2020-01-25,0
"Italy",2020-01-26,0
"Italy",2020-01-27,0
"Italy",2020-01-28,2
"Italy",2020-01-29,0
"Italy",2020-01-30,1
"Italy",2020-01-31,0
"Italy",2020-02-01,0
"Italy",2020-02-02,0
"Italy",2020-02-03,0
"Italy",2020-02-04,0
"Italy",2020-02-05,0
"Italy",2020-02-06,0
"Italy",2020-02-07,0
"Italy",2020-02-08,0
"Italy",2020-02-09,0
"Italy",2020-02-10,0
"Italy",2020-02-11,0
"Italy",2020-02-12,0
"Italy",2020-02-13,0
"Italy",2020-02-14,0
"Italy",2020-02-15,0
"Italy",2020-02-16,0
"Italy",2020-02-17,0
"Italy",2020-02-18,0
"Italy",2020-02-19,0
"Italy",2020-02-20,0
"Italy",2020-02-21,14
"Italy",2020-02-22,62
"Italy",2020-02-23,53
"Italy",2020-02-24,221
"Italy",2020-02-25,93
"Italy",2020-02-26,78
"Italy",2020-02-27,250
"Italy",2020-02-28,238
"Italy",2020-02-29,240
"Italy",2020-03-01,566
"Italy",2020-03-02,342
"Italy",2020-03-03,466
"Italy",2020-03-04,587
"Italy",2020-03-05,769
"Italy",2020-03-06,778
"Italy",2020-03-07,1247
"Italy",2020-03-08,1492
"Italy",2020-03-09,1797
"Italy",2020-03-10,977
"Italy",2020-03-11,2313
"Italy",2020-03-12,2651
"Italy",2020-03-13,2547
"Italy",2020-03-14,3497
"Italy",2020-03-15,3590
"Italy",2020-03-16,3233
"Italy",2020-03-17,3526
"Italy",2020-03-18,4207
"Italy",2020-03-19,5322
"Italy",2020-03-20,5986
"Italy",2020-03-21,6557
"Italy",2020-03-22,5560
"Italy",2020-03-23,4789
"Italy",2020-03-24,5249
"Italy",2020-03-25,5210
"Italy",2020-03-26,6153
"Italy",2020-03-27,5959
"Italy",2020-03-28,5974
"Italy",2020-03-29,5217
"Italy",2020-03-30,4050
"Italy",2020-03-31,4053
"Italy",2020-04-01,4782
"Italy",2020-04-02,4668
"Italy",2020-04-03,4585
"Italy",2020-04-04,4805
"Italy",2020-04-05,4316
"Italy",2020-04-06,3599
"Italy",2020-04-07,3039
"Italy",2020-04-08,3836
"Italy",2020-04-09,4204
"Italy",2020-04-10,3951
"Italy",2020-04-11,4694
"Italy",2020-04-12,4092
"Japan",2020-01-01,0
"Japan",2020-01-02,0
"Japan",2020-01-03,0
"Japan",2020-01-04,0
"Japan",2020-01-05,0
"Japan",2020-01-06,0
"Japan",2020-01-07,0
"Japan",2020-01-08,0
"Japan",2020-01-09,0
"Japan",2020-01-10,0
"Japan",2020-01-11,0
"Japan",2020-01-12,1
"Japan",2020-01-13,0
"Japan",2020-01-14,0
"Japan",2020-01-15,0
"Japan",2020-01-16,0
"Japan",2020-01-17,0
"Japan",2020-01-18,0
"Japan",2020-01-19,0
"Japan",2020-01-20,0
"Japan",2020-01-21,0
"Japan",2020-01-22,0
"Japan",2020-01-23,1
"Japan",2020-01-24,1
"Japan",2020-01-25,1
"Japan",2020-01-26,0
"Japan",2020-01-27,3
"Japan",2020-01-28,1
"Japan",2020-01-29,4
"Japan",2020-01-30,1
"Japan",2020-01-31,2
"Japan",2020-02-01,5
"Japan",2020-02-02,0
"Japan",2020-02-03,3
"Japan",2020-02-04,2
"Japan",2020-02-05,0
"Japan",2020-02-06,0
"Japan",2020-02-07,0
"Japan",2020-02-08,0
"Japan",2020-02-09,1
"Japan",2020-02-10,2
"Japan",2020-02-11,0
"Japan",2020-02-12,5
"Japan",2020-02-13,7
"Japan",2020-02-14,12
"Japan",2020-02-15,6
"Japan",2020-02-16,7
"Japan",2020-02-17,8
"Japan",2020-02-18,1
"Japan",2020-02-19,19
"Japan",2020-02-20,12
"Japan",2020-02-21,27
"Japan",2020-02-22,12
"Japan",2020-02-23,12
"Japan",2020-02-24,8
"Japan",2020-02-25,22
"Japan",2020-02-26,24
"Japan",2020-02-27,20
"Japan",2020-02-28,9
"Japan",2020-02-29,15
"Japan",2020-03-01,14
"Japan",2020-03-02,16
"Japan",2020-03-03,33
"Japan",2020-03-04,32
"Japan",2020-03-05,59
"Japan",2020-03-06,47
"Japan",2020-03-07,34
"Japan",2020-03-08,25
"Japan",2020-03-09,54
"Japan",2020-03-10,51
"Japan",2020-03-11,56
"Japan",2020-03-12,41
"Japan",2020-03-13,64
"Japan",2020-03-14,34
"Japan",2020-03-15,15
"Japan",2020-03-16,44
"Japan",2020-03-17,41
"Japan",2020-03-18,36
"Japan",2020-03-19,46
"Japan",2020-03-20,50
"Japan",2020-03-21,43
"Japan",2020-03-22,39
"Japan",2020-03-23,65
"Japan",2020-03-24,98
"Japan",2020-03-25,96
"Japan",2020-03-26,112
"Japan",2020-03-27,194
"Japan",2020-03-28,173
"Japan",2020-03-29,87
"Japan",2020-03-30,225
"Japan",2020-03-31,378
"Japan",2020-04-01,61
"Japan",2020-04-02,318
"Japan",2020-04-03,336
"Japan",2020-04-04,383
"Japan",2020-04-05,252
"Japan",2020-04-06,351
"Japan",2020-04-07,511
"Japan",2020-04-08,579
"Japan",2020-04-09,658
"Japan",2020-04-10,743
"Japan",2020-04-11,507
"Japan",2020-04-12,390
"Mexico",2019-12-31,0
"Mexico",2020-01-01,0
"Mexico",2020-01-02,0
"Mexico",2020-01-03,0
"Mexico",2020-01-04,0
"Mexico",2020-01-05,0
"Mexico",2020-01-06,0
"Mexico",2020-01-07,0
"Mexico",2020-01-08,0
"Mexico",2020-01-09,0
"Mexico",2020-01-10,0
"Mexico",2020-01-11,0
"Mexico",2020-01-12,0
"Mexico",2020-01-13,0
"Mexico",2020-01-14,0
"Mexico",2020-01-15,0
"Mexico",2020-01-16,0
"Mexico",2020-01-17,0
"Mexico",2020-01-18,0
"Mexico",2020-01-19,0
"Mexico",2020-01-20,0
"Mexico",2020-01-21,0
"Mexico",2020-01-22,0
"Mexico",2020-01-23,0
"Mexico",2020-01-24,0
"Mexico",2020-01-25,0
"Mexico",2020-01-26,0
"Mexico",2020-01-27,0
"Mexico",2020-01-28,0
"Mexico",2020-01-29,0
"Mexico",2020-01-30,0
"Mexico",2020-01-31,0
"Mexico",2020-02-01,0
"Mexico",2020-02-02,0
"Mexico",2020-02-03,0
"Mexico",2020-02-04,0
"Mexico",2020-02-05,0
"Mexico",2020-02-06,0
"Mexico",2020-02-07,0
"Mexico",2020-02-08,0
"Mexico",2020-02-09,0
"Mexico",2020-02-10,0
"Mexico",2020-02-11,0
"Mexico",2020-02-12,0
"Mexico",2020-02-13,0
"Mexico",2020-02-14,0
"Mexico",2020-02-15,0
"Mexico",2020-02-16,0
"Mexico",2020-02-17,0
"Mexico",2020-02-18,0
"Mexico",2020-02-19,1
"Mexico",2020-02-20,0
"Mexico",2020-02-21,0
"Mexico",2020-02-22,0
"Mexico",2020-02-23,0
"Mexico",2020-02-24,0
"Mexico",2020-02-25,0
"Mexico",2020-02-26,3
"Mexico",2020-02-27,0
"Mexico",2020-02-28,2
"Mexico",2020-02-29,2
"Mexico",2020-03-01,2
"Mexico",2020-03-02,5
"Mexico",2020-03-03,9
"Mexico",2020-03-04,10
"Mexico",2020-03-05,11
"Mexico",2020-03-06,6
"Mexico",2020-03-07,7
"Mexico",2020-03-08,8
"Mexico",2020-03-09,5
"Mexico",2020-03-10,17
"Mexico",2020-03-11,39
"Mexico",2020-03-12,41
"Mexico",2020-03-13,66
"Mexico",2020-03-14,52
"Mexico",2020-03-15,37
"Mexico",2020-03-16,77
"Mexico",2020-03-17,104
"Mexico",2020-03-18,116
"Mexico",2020-03-19,151
"Mexico",2020-03-20,132
"Mexico",2020-03-21,85
"Mexico",2020-03-22,70
"Mexico",2020-03-23,168
"Mexico",2020-03-24,220
"Mexico",2020-03-25,185
"Mexico",2020-03-26,224
"Mexico",2020-03-27,262
"Mexico",2020-03-28,191
"Mexico",2020-03-29,166
"Mexico",2020-03-30,345
"Mexico",2020-03-31,311
"Mexico",2020-04-01,382
"Mexico",2020-04-02,347
"Mexico",2020-04-03,392
"Mexico",2020-04-04,250
"Mexico",2020-04-05,259
"Mexico",2020-04-06,631
"Mexico",2020-04-07,515
"Mexico",2020-04-08,581
"Mexico",2020-04-09,483
"Mexico",2020-04-10,572
"Mexico",2020-04-11,464
"Mexico",2020-04-12,479
"Monaco",2020-01-01,0
"Monaco",2020-01-02,0
"Monaco",2020-01-03,0
"Monaco",2020-01-04,0
"Monaco",2020-01-05,0
"Monaco",2020-01-06,0
"Monaco",2020-01-07,0
"Monaco",2020-01-08,0
"Monaco",2020-01-09,0
"Monaco",2020-01-10,0
"Monaco",2020-01-11,0
"Monaco",2020-01-12,0
"Monaco",2020-01-13,0
"Monaco",2020-01-14,0
"Monaco",2020-01-15,0
"Monaco",2020-01-16,0
"Monaco",2020-01-17,0
"Monaco",2020-01-18,0
"Monaco",2020-01-19,0
"Monaco",2020-01-20,0
"Monaco",2020-01-21,0
"Monaco",2020-01-22,0
"Monaco",2020-01-23,0
"Monaco",2020-01-24,0
"Monaco",2020-01-25,0
"Monaco",2020-01-26,0
"Monaco",2020-01-27,0
"Monaco",2020-01-28,0
"Monaco",2020-01-29,0
"Monaco",2020-01-30,0
"Monaco",2020-01-31,0
"Monaco",2020-02-01,0
"Monaco",2020-02-02,0
"Monaco",2020-02-03,0
"Monaco",2020-02-04,0
"Monaco",2020-02-05,0
"Monaco",2020-02-06,0
"Monaco",2020-02-07,0
"Monaco",2020-02-08,0
"Monaco",2020-02-09,0
"Monaco",2020-02-10,0
"Monaco",2020-02-11,0
"Monaco",2020-02-12,0
"Monaco",2020-02-13,0
"Monaco",2020-02-14,0
"Monaco",2020-02-15,0
"Monaco",2020-02-16,0
"Monaco",2020-02-17,0
"Monaco",2020-02-18,0
"Monaco",2020-02-19,0
"Monaco",2020-02-20,0
"Monaco",2020-02-21,0
"Monaco",2020-02-22,0
"Monaco",2020-02-23,0
"Monaco",2020-02-24,0
"Monaco",2020-02-25,0
"Monaco",2020-02-26,0
"Monaco",2020-02-27,1
"Monaco",2020-02-28,0
"Monaco",2020-02-29,0
"Monaco",2020-03-01,0
"Monaco",2020-03-02,0
"Monaco",2020-03-03,0
"Monaco",2020-03-04,0
"Monaco",2020-03-05,0
"Monaco",2020-03-06,0
"Monaco",2020-03-07,0
"Monaco",2020-03-08,0
"Monaco",2020-03-09,0
"Monaco",2020-03-10,1
"Monaco",2020-03-11,0
"Monaco",2020-03-12,1
"Monaco",2020-03-13,4
"Monaco",2020-03-14,2
"Monaco",2020-03-15,0
"Monaco",2020-03-16,0
"Monaco",2020-03-17,0
"Monaco",2020-03-18,3
"Monaco",2020-03-19,6
"Monaco",2020-03-20,0
"Monaco",2020-03-21,2
"Monaco",2020-03-22,2
"Monaco",2020-03-23,1
"Monaco",2020-03-24,0
"Monaco",2020-03-25,3
"Monaco",2020-03-26,6
"Monaco",2020-03-27,1
"Monaco",2020-03-28,2
"Monaco",2020-03-29,1
"Monaco",2020-03-30,1
"Monaco",2020-03-31,3
"Monaco",2020-04-01,3
"Monaco",2020-04-02,4
"Monaco",2020-04-03,1
"Monaco",2020-04-04,3
"Monaco",2020-04-05,1
"Monaco",2020-04-06,2
"Monaco",2020-04-07,0
"Monaco",2020-04-08,3
"Monaco",2020-04-09,6
"Monaco",2020-04-10,0
"Monaco",2020-04-11,1
"Monaco",2020-04-12,0
"Netherlands",2020-01-01,0
"Netherlands",2020-01-02,0
"Netherlands",2020-01-03,0
"Netherlands",2020-01-04,0
"Netherlands",2020-01-05,0
"Netherlands",2020-01-06,0
"Netherlands",2020-01-07,0
"Netherlands",2020-01-08,0
"Netherlands",2020-01-09,0
"Netherlands",2020-01-10,0
"Netherlands",2020-01-11,0
"Netherlands",2020-01-12,0
"Netherlands",2020-01-13,0
"Netherlands",2020-01-14,0
"Netherlands",2020-01-15,0
"Netherlands",2020-01-16,0
"Netherlands",2020-01-17,0
"Netherlands",2020-01-18,0
"Netherlands",2020-01-19,0
"Netherlands",2020-01-20,0
"Netherlands",2020-01-21,0
"Netherlands",2020-01-22,0
"Netherlands",2020-01-23,0
"Netherlands",2020-01-24,0
"Netherlands",2020-01-25,0
"Netherlands",2020-01-26,0
"Netherlands",2020-01-27,0
"Netherlands",2020-01-28,0
"Netherlands",2020-01-29,0
"Netherlands",2020-01-30,0
"Netherlands",2020-01-31,0
"Netherlands",2020-02-01,0
"Netherlands",2020-02-02,0
"Netherlands",2020-02-03,0
"Netherlands",2020-02-04,0
"Netherlands",2020-02-05,0
"Netherlands",2020-02-06,0
"Netherlands",2020-02-07,0
"Netherlands",2020-02-08,0
"Netherlands",2020-02-09,0
"Netherlands",2020-02-10,0
"Netherlands",2020-02-11,0
"Netherlands",2020-02-12,0
"Netherlands",2020-02-13,0
"Netherlands",2020-02-14,0
"Netherlands",2020-02-15,0
"Netherlands",2020-02-16,0
"Netherlands",2020-02-17,0
"Netherlands",2020-02-18,0
"Netherlands",2020-02-19,0
"Netherlands",2020-02-20,0
"Netherlands",2020-02-21,0
"Netherlands",2020-02-22,0
"Netherlands",2020-02-23,0
"Netherlands",2020-02-24,0
"Netherlands",2020-02-25,0
"Netherlands",2020-02-26,1
"Netherlands",2020-02-27,0
"Netherlands",2020-02-28,1
"Netherlands",2020-02-29,3
"Netherlands",2020-03-01,5
"Netherlands",2020-03-02,4
"Netherlands",2020-03-03,10
"Netherlands",2020-03-04,17
"Netherlands",2020-03-05,40
"Netherlands",2020-03-06,50
"Netherlands",2020-03-07,32
"Netherlands",2020-03-08,61
"Netherlands",2020-03-09,130
"Netherlands",2020-03-10,123
"Netherlands",2020-03-11,127
"Netherlands",2020-03-12,113
"Netherlands",2020-03-13,219
"Netherlands",2020-03-14,173
"Netherlands",2020-03-15,270
"Netherlands",2020-03-16,288
"Netherlands",2020-03-17,347
"Netherlands",2020-03-18,396
"Netherlands",2020-03-19,533
"Netherlands",2020-03-20,637
"Netherlands",2020-03-21,605
"Netherlands",2020-03-22,553
"Netherlands",2020-03-23,749
"Netherlands",2020-03-24,843
"Netherlands",2020-03-25,1007
"Netherlands",2020-03-26,1167
"Netherlands",2020-03-27,1146
"Netherlands",2020-03-28,1092
"Netherlands",2020-03-29,873
"Netherlands",2020-03-30,834
"Netherlands",2020-03-31,1008
"Netherlands",2020-04-01,1083
"Netherlands",2020-04-02,1020
"Netherlands",2020-04-03,1002
"Netherlands",2020-04-04,1099
"Netherlands",2020-04-05,945
"Netherlands",2020-04-06,782
"Netherlands",2020-04-07,959
"Netherlands",2020-04-08,1208
"Netherlands",2020-04-09,1327
"Netherlands",2020-04-10,1301
"Netherlands",2020-04-11,1171
"Netherlands",2020-04-12,959
"Portugal",2020-01-01,0
"Portugal",2020-01-02,0
"Portugal",2020-01-03,0
"Portugal",2020-01-04,0
"Portugal",2020-01-05,0
"Portugal",2020-01-06,0
"Portugal",2020-01-07,0
"Portugal",2020-01-08,0
"Portugal",2020-01-09,0
"Portugal",2020-01-10,0
"Portugal",2020-01-11,0
"Portugal",2020-01-12,0
"Portugal",2020-01-13,0
"Portugal",2020-01-14,0
"Portugal",2020-01-15,0
"Portugal",2020-01-16,0
"Portugal",2020-01-17,0
"Portugal",2020-01-18,0
"Portugal",2020-01-19,0
"Portugal",2020-01-20,0
"Portugal",2020-01-21,0
"Portugal",2020-01-22,0
"Portugal",2020-01-23,0
"Portugal",2020-01-24,0
"Portugal",2020-01-25,0
"Portugal",2020-01-26,0
"Portugal",2020-01-27,0
"Portugal",2020-01-28,0
"Portugal",2020-01-29,0
"Portugal",2020-01-30,0
"Portugal",2020-01-31,0
"Portugal",2020-02-01,0
"Portugal",2020-02-02,0
"Portugal",2020-02-03,0
"Portugal",2020-02-04,0
"Portugal",2020-02-05,0
"Portugal",2020-02-06,0
"Portugal",2020-02-07,0
"Portugal",2020-02-08,0
"Portugal",2020-02-09,0
"Portugal",2020-02-10,0
"Portugal",2020-02-11,0
"Portugal",2020-02-12,0
"Portugal",2020-02-13,0
"Portugal",2020-02-14,0
"Portugal",2020-02-15,0
"Portugal",2020-02-16,0
"Portugal",2020-02-17,0
"Portugal",2020-02-18,0
"Portugal",2020-02-19,0
"Portugal",2020-02-20,0
"Portugal",2020-02-21,0
"Portugal",2020-02-22,0
"Portugal",2020-02-23,0
"Portugal",2020-02-24,0
"Portugal",2020-02-25,0
"Portugal",2020-02-26,0
"Portugal",2020-02-27,0
"Portugal",2020-02-28,0
"Portugal",2020-02-29,0
"Portugal",2020-03-01,0
"Portugal",2020-03-02,2
"Portugal",2020-03-03,2
"Portugal",2020-03-04,2
"Portugal",2020-03-05,3
"Portugal",2020-03-06,4
"Portugal",2020-03-07,8
"Portugal",2020-03-08,9
"Portugal",2020-03-09,9
"Portugal",2020-03-10,2
"Portugal",2020-03-11,18
"Portugal",2020-03-12,19
"Portugal",2020-03-13,34
"Portugal",2020-03-14,57
"Portugal",2020-03-15,76
"Portugal",2020-03-16,86
"Portugal",2020-03-17,117
"Portugal",2020-03-18,194
"Portugal",2020-03-19,143
"Portugal",2020-03-20,235
"Portugal",2020-03-21,260
"Portugal",2020-03-22,320
"Portugal",2020-03-23,460
"Portugal",2020-03-24,302
"Portugal",2020-03-25,633
"Portugal",2020-03-26,549
"Portugal",2020-03-27,724
"Portugal",2020-03-28,902
"Portugal",2020-03-29,792
"Portugal",2020-03-30,446
"Portugal",2020-03-31,1035
"Portugal",2020-04-01,808
"Portugal",2020-04-02,783
"Portugal",2020-04-03,852
"Portugal",2020-04-04,638
"Portugal",2020-04-05,754
"Portugal",2020-04-06,452
"Portugal",2020-04-07,712
"Portugal",2020-04-08,699
"Portugal",2020-04-09,815
"Portugal",2020-04-10,1516
"Portugal",2020-04-11,515
"Portugal",2020-04-12,598
"Russia",2020-01-02,0
"Russia",2020-01-03,0
"Russia",2020-01-04,0
"Russia",2020-01-05,0
"Russia",2020-01-06,0
"Russia",2020-01-07,0
"Russia",2020-01-08,0
"Russia",2020-01-09,0
"Russia",2020-01-10,0
"Russia",2020-01-11,0
"Russia",2020-01-12,0
"Russia",2020-01-13,0
"Russia",2020-01-14,0
"Russia",2020-01-15,0
"Russia",2020-01-16,0
"Russia",2020-01-17,0
"Russia",2020-01-18,0
"Russia",2020-01-19,0
"Russia",2020-01-20,0
"Russia",2020-01-21,0
"Russia",2020-01-22,0
"Russia",2020-01-23,0
"Russia",2020-01-24,0
"Russia",2020-01-25,0
"Russia",2020-01-26,0
"Russia",2020-01-27,0
"Russia",2020-01-28,0
"Russia",2020-01-29,0
"Russia",2020-01-30,2
"Russia",2020-01-31,0
"Russia",2020-02-01,0
"Russia",2020-02-02,0
"Russia",2020-02-03,0
"Russia",2020-02-04,0
"Russia",2020-02-05,0
"Russia",2020-02-06,0
"Russia",2020-02-07,0
"Russia",2020-02-08,0
"Russia",2020-02-09,0
"Russia",2020-02-10,0
"Russia",2020-02-11,0
"Russia",2020-02-12,0
"Russia",2020-02-13,0
"Russia",2020-02-14,0
"Russia",2020-02-15,0
"Russia",2020-02-16,0
"Russia",2020-02-17,0
"Russia",2020-02-18,0
"Russia",2020-02-19,0
"Russia",2020-02-20,0
"Russia",2020-02-21,0
"Russia",2020-02-22,0
"Russia",2020-02-23,0
"Russia",2020-02-24,0
"Russia",2020-02-25,0
"Russia",2020-02-26,0
"Russia",2020-02-27,0
"Russia",2020-02-28,0
"Russia",2020-02-29,0
"Russia",2020-03-01,0
"Russia",2020-03-02,1
"Russia",2020-03-03,0
"Russia",2020-03-04,0
"Russia",2020-03-05,1
"Russia",2020-03-06,0
"Russia",2020-03-07,3
"Russia",2020-03-08,0
"Russia",2020-03-09,0
"Russia",2020-03-10,0
"Russia",2020-03-11,13
"Russia",2020-03-12,14
"Russia",2020-03-13,0
"Russia",2020-03-14,0
"Russia",2020-03-15,0
"Russia",2020-03-16,59
"Russia",2020-03-17,0
"Russia",2020-03-18,54
"Russia",2020-03-19,52
"Russia",2020-03-20,54
"Russia",2020-03-21,53
"Russia",2020-03-22,132
"Russia",2020-03-23,57
"Russia",2020-03-24,163
"Russia",2020-03-25,182
"Russia",2020-03-26,196
"Russia",2020-03-27,228
"Russia",2020-03-28,270
"Russia",2020-03-29,303
"Russia",2020-03-30,500
"Russia",2020-03-31,440
"Russia",2020-04-01,0
"Russia",2020-04-02,771
"Russia",2020-04-03,601
"Russia",2020-04-04,582
"Russia",2020-04-05,658
"Russia",2020-04-06,954
"Russia",2020-04-07,1154
"Russia",2020-04-08,2634
"Russia",2020-04-09,1786
"Russia",2020-04-10,1667
"Russia",2020-04-11,2186
"Russia",2020-04-12,2558
"Singapore",2020-01-01,0
"Singapore",2020-01-02,0
"Singapore",2020-01-03,0
"Singapore",2020-01-04,0
"Singapore",2020-01-05,0
"Singapore",2020-01-06,0
"Singapore",2020-01-07,0
"Singapore",2020-01-08,0
"Singapore",2020-01-09,0
"Singapore",2020-01-10,0
"Singapore",2020-01-11,0
"Singapore",2020-01-12,0
"Singapore",2020-01-13,0
"Singapore",2020-01-14,0
"Singapore",2020-01-15,0
"Singapore",2020-01-16,0
"Singapore",2020-01-17,0
"Singapore",2020-01-18,0
"Singapore",2020-01-19,0
"Singapore",2020-01-20,0
"Singapore",2020-01-21,0
"Singapore",2020-01-22,1
"Singapore",2020-01-23,2
"Singapore",2020-01-24,1
"Singapore",2020-01-25,0
"Singapore",2020-01-26,1
"Singapore",2020-01-27,2
"Singapore",2020-01-28,3
"Singapore",2020-01-29,3
"Singapore",2020-01-30,3
"Singapore",2020-01-31,2
"Singapore",2020-02-01,0
"Singapore",2020-02-02,0
"Singapore",2020-02-03,6
"Singapore",2020-02-04,4
"Singapore",2020-02-05,2
"Singapore",2020-02-06,3
"Singapore",2020-02-07,7
"Singapore",2020-02-08,3
"Singapore",2020-02-09,2
"Singapore",2020-02-10,2
"Singapore",2020-02-11,3
"Singapore",2020-02-12,8
"Singapore",2020-02-13,9
"Singapore",2020-02-14,5
"Singapore",2020-02-15,3
"Singapore",2020-02-16,2
"Singapore",2020-02-17,4
"Singapore",2020-02-18,3
"Singapore",2020-02-19,1
"Singapore",2020-02-20,1
"Singapore",2020-02-21,3
"Singapore",2020-02-22,0
"Singapore",2020-02-23,1
"Singapore",2020-02-24,1
"Singapore",2020-02-25,2
"Singapore",2020-02-26,3
"Singapore",2020-02-27,2
"Singapore",2020-02-28,4
"Singapore",2020-02-29,4
"Singapore",2020-03-01,2
"Singapore",2020-03-02,2
"Singapore",2020-03-03,2
"Singapore",2020-03-04,5
"Singapore",2020-03-05,13
"Singapore",2020-03-06,8
"Singapore",2020-03-07,12
"Singapore",2020-03-08,10
"Singapore",2020-03-09,6
"Singapore",2020-03-10,12
"Singapore",2020-03-11,9
"Singapore",2020-03-12,13
"Singapore",2020-03-13,12
"Singapore",2020-03-14,14
"Singapore",2020-03-15,17
"Singapore",2020-03-16,23
"Singapore",2020-03-17,47
"Singapore",2020-03-18,32
"Singapore",2020-03-19,40
"Singapore",2020-03-20,47
"Singapore",2020-03-21,23
"Singapore",2020-03-22,54
"Singapore",2020-03-23,49
"Singapore",2020-03-24,73
"Singapore",2020-03-25,52
"Singapore",2020-03-26,49
"Singapore",2020-03-27,70
"Singapore",2020-03-28,42
"Singapore",2020-03-29,35
"Singapore",2020-03-30,47
"Singapore",2020-03-31,74
"Singapore",2020-04-01,49
"Singapore",2020-04-02,65
"Singapore",2020-04-03,75
"Singapore",2020-04-04,120
"Singapore",2020-04-05,66
"Singapore",2020-04-06,106
"Singapore",2020-04-07,142
"Singapore",2020-04-08,287
"Singapore",2020-04-09,198
"Singapore",2020-04-10,191
"Singapore",2020-04-11,233
"Singapore",2020-04-12,386
"South Korea",2020-01-01,0
"South Korea",2020-01-02,0
"South Korea",2020-01-03,0
"South Korea",2020-01-04,0
"South Korea",2020-01-05,0
"South Korea",2020-01-06,0
"South Korea",2020-01-07,0
"South Korea",2020-01-08,0
"South Korea",2020-01-09,0
"South Korea",2020-01-10,0
"South Korea",2020-01-11,0
"South Korea",2020-01-12,0
"South Korea",2020-01-13,0
"South Korea",2020-01-14,0
"South Korea",2020-01-15,0
"South Korea",2020-01-16,0
"South Korea",2020-01-17,1
"South Korea",2020-01-18,0
"South Korea",2020-01-19,0
"South Korea",2020-01-20,0
"South Korea",2020-01-21,0
"South Korea",2020-01-22,1
"South Korea",2020-01-23,0
"South Korea",2020-01-24,1
"South Korea",2020-01-25,1
"South Korea",2020-01-26,0
"South Korea",2020-01-27,0
"South Korea",2020-01-28,3
"South Korea",2020-01-29,4
"South Korea",2020-01-30,1
"South Korea",2020-01-31,3
"South Korea",2020-02-01,0
"South Korea",2020-02-02,1
"South Korea",2020-02-03,5
"South Korea",2020-02-04,3
"South Korea",2020-02-05,0
"South Korea",2020-02-06,0
"South Korea",2020-02-07,3
"South Korea",2020-02-08,1
"South Korea",2020-02-09,0
"South Korea",2020-02-10,0
"South Korea",2020-02-11,0
"South Korea",2020-02-12,0
"South Korea",2020-02-13,0
"South Korea",2020-02-14,2
"South Korea",2020-02-15,0
"South Korea",2020-02-16,2
"South Korea",2020-02-17,34
"South Korea",2020-02-18,16
"South Korea",2020-02-19,74
"South Korea",2020-02-20,190
"South Korea",2020-02-21,210
"South Korea",2020-02-22,207
"South Korea",2020-02-23,130
"South Korea",2020-02-24,253
"South Korea",2020-02-25,449
"South Korea",2020-02-26,427
"South Korea",2020-02-27,909
"South Korea",2020-02-28,595
"South Korea",2020-02-29,686
"South Korea",2020-03-01,600
"South Korea",2020-03-02,516
"South Korea",2020-03-03,438
"South Korea",2020-03-04,518
"South Korea",2020-03-05,483
"South Korea",2020-03-06,367
"South Korea",2020-03-07,248
"South Korea",2020-03-08,131
"South Korea",2020-03-09,242
"South Korea",2020-03-10,114
"South Korea",2020-03-11,110
"South Korea",2020-03-12,107
"South Korea",2020-03-13,76
"South Korea",2020-03-14,74
"South Korea",2020-03-15,84
"South Korea",2020-03-16,93
"South Korea",2020-03-17,152
"South Korea",2020-03-18,87
"South Korea",2020-03-19,147
"South Korea",2020-03-20,98
"South Korea",2020-03-21,64
"South Korea",2020-03-22,76
"South Korea",2020-03-23,100
"South Korea",2020-03-24,104
"South Korea",2020-03-25,91
"South Korea",2020-03-26,146
"South Korea",2020-03-27,105
"South Korea",2020-03-28,78
"South Korea",2020-03-29,125
"South Korea",2020-03-30,101
"South Korea",2020-03-31,89
"South Korea",2020-04-01,86
"South Korea",2020-04-02,94
"South Korea",2020-04-03,81
"South Korea",2020-04-04,47
"South Korea",2020-04-05,47
"South Korea",2020-04-06,53
"South Korea",2020-04-07,39
"South Korea",2020-04-08,27
"South Korea",2020-04-09,30
"South Korea",2020-04-10,32
"South Korea",2020-04-11,25
"South Korea",2020-04-12,27
"Spain",2020-01-01,0
"Spain",2020-01-02,0
"Spain",2020-01-03,0
"Spain",2020-01-04,0
"Spain",2020-01-05,0
"Spain",2020-01-06,0
"Spain",2020-01-07,0
"Spain",2020-01-08,0
"Spain",2020-01-09,1
"Spain",2020-01-10,1
"Spain",2020-01-11,0
"Spain",2020-01-12,0
"Spain",2020-01-13,0
"Spain",2020-01-14,0
"Spain",2020-01-15,0
"Spain",2020-01-16,0
"Spain",2020-01-17,0
"Spain",2020-01-18,1
"Spain",2020-01-19,0
"Spain",2020-01-20,0
"Spain",2020-01-21,1
"Spain",2020-01-22,0
"Spain",2020-01-23,0
"Spain",2020-01-24,0
"Spain",2020-01-25,0
"Spain",2020-01-26,0
"Spain",2020-01-27,0
"Spain",2020-01-28,0
"Spain",2020-01-29,0
"Spain",2020-01-30,0
"Spain",2020-01-31,1
"Spain",2020-02-01,0
"Spain",2020-02-02,0
"Spain",2020-02-03,0
"Spain",2020-02-04,0
"Spain",2020-02-05,0
"Spain",2020-02-06,0
"Spain",2020-02-07,0
"Spain",2020-02-08,0
"Spain",2020-02-09,1
"Spain",2020-02-10,0
"Spain",2020-02-11,0
"Spain",2020-02-12,3
"Spain",2020-02-13,0
"Spain",2020-02-14,0
"Spain",2020-02-15,0
"Spain",2020-02-16,0
"Spain",2020-02-17,0
"Spain",2020-02-18,0
"Spain",2020-02-19,0
"Spain",2020-02-20,0
"Spain",2020-02-21,1
"Spain",2020-02-22,1
"Spain",2020-02-23,2
"Spain",2020-02-24,2
"Spain",2020-02-25,1
"Spain",2020-02-26,7
"Spain",2020-02-27,23
"Spain",2020-02-28,23
"Spain",2020-02-29,19
"Spain",2020-03-01,37
"Spain",2020-03-02,72
"Spain",2020-03-03,85
"Spain",2020-03-04,99
"Spain",2020-03-05,190
"Spain",2020-03-06,274
"Spain",2020-03-07,290
"Spain",2020-03-08,369
"Spain",2020-03-09,651
"Spain",2020-03-10,1036
"Spain",2020-03-11,1346
"Spain",2020-03-12,1811
"Spain",2020-03-13,2179
"Spain",2020-03-14,2032
"Spain",2020-03-15,2310
"Spain",2020-03-16,3264
"Spain",2020-03-17,4483
"Spain",2020-03-18,4786
"Spain",2020-03-19,5880
"Spain",2020-03-20,6530
"Spain",2020-03-21,5794
"Spain",2020-03-22,5327
"Spain",2020-03-23,8208
"Spain",2020-03-24,9726
"Spain",2020-03-25,10141
"Spain",2020-03-26,10116
"Spain",2020-03-27,9098
"Spain",2020-03-28,7101
"Spain",2020-03-29,5095
"Spain",2020-03-30,8008
"Spain",2020-03-31,7927
"Spain",2020-04-01,7064
"Spain",2020-04-02,6908
"Spain",2020-04-03,6822
"Spain",2020-04-04,4673
"Spain",2020-04-05,3147
"Spain",2020-04-06,5398
"Spain",2020-04-07,5324
"Spain",2020-04-08,5488
"Spain",2020-04-09,4613
"Spain",2020-04-10,4443
"Spain",2020-04-11,3075
"Spain",2020-04-12,2379
"Sweden",2020-01-01,0
"Sweden",2020-01-02,0
"Sweden",2020-01-03,0
"Sweden",2020-01-04,0
"Sweden",2020-01-05,0
"Sweden",2020-01-06,0
"Sweden",2020-01-07,0
"Sweden",2020-01-08,0
"Sweden",2020-01-09,0
"Sweden",2020-01-10,0
"Sweden",2020-01-11,0
"Sweden",2020-01-12,0
"Sweden",2020-01-13,0
"Sweden",2020-01-14,0
"Sweden",2020-01-15,0
"Sweden",2020-01-16,0
"Sweden",2020-01-17,0
"Sweden",2020-01-18,0
"Sweden",2020-01-19,0
"Sweden",2020-01-20,0
"Sweden",2020-01-21,0
"Sweden",2020-01-22,0
"Sweden",2020-01-23,0
"Sweden",2020-01-24,0
"Sweden",2020-01-25,0
"Sweden",2020-01-26,0
"Sweden",2020-01-27,0
"Sweden",2020-01-28,0
"Sweden",2020-01-29,1
"Sweden",2020-01-30,0
"Sweden",2020-01-31,0
"Sweden",2020-02-01,0
"Sweden",2020-02-02,0
"Sweden",2020-02-03,0
"Sweden",2020-02-04,1
"Sweden",2020-02-05,0
"Sweden",2020-02-06,0
"Sweden",2020-02-07,0
"Sweden",2020-02-08,0
"Sweden",2020-02-09,0
"Sweden",2020-02-10,0
"Sweden",2020-02-11,0
"Sweden",2020-02-12,0
"Sweden",2020-02-13,0
"Sweden",2020-02-14,0
"Sweden",2020-02-15,0
"Sweden",2020-02-16,0
"Sweden",2020-02-17,0
"Sweden",2020-02-18,0
"Sweden",2020-02-19,0
"Sweden",2020-02-20,0
"Sweden",2020-02-21,0
"Sweden",2020-02-22,0
"Sweden",2020-02-23,0
"Sweden",2020-02-24,0
"Sweden",2020-02-25,0
"Sweden",2020-02-26,1
"Sweden",2020-02-27,1
"Sweden",2020-02-28,8
"Sweden",2020-02-29,3
"Sweden",2020-03-01,0
"Sweden",2020-03-02,5
"Sweden",2020-03-03,13
"Sweden",2020-03-04,30
"Sweden",2020-03-05,25
"Sweden",2020-03-06,59
"Sweden",2020-03-07,33
"Sweden",2020-03-08,46
"Sweden",2020-03-09,101
"Sweden",2020-03-10,98
"Sweden",2020-03-11,196
"Sweden",2020-03-12,151
"Sweden",2020-03-13,152
"Sweden",2020-03-14,71
"Sweden",2020-03-15,69
"Sweden",2020-03-16,83
"Sweden",2020-03-17,119
"Sweden",2020-03-18,145
"Sweden",2020-03-19,143
"Sweden",2020-03-20,180
"Sweden",2020-03-21,136
"Sweden",2020-03-22,118
"Sweden",2020-03-23,182
"Sweden",2020-03-24,230
"Sweden",2020-03-25,314
"Sweden",2020-03-26,286
"Sweden",2020-03-27,365
"Sweden",2020-03-28,300
"Sweden",2020-03-29,280
"Sweden",2020-03-30,416
"Sweden",2020-03-31,474
"Sweden",2020-04-01,486
"Sweden",2020-04-02,554
"Sweden",2020-04-03,602
"Sweden",2020-04-04,357
"Sweden",2020-04-05,340
"Sweden",2020-04-06,389
"Sweden",2020-04-07,739
"Sweden",2020-04-08,654
"Sweden",2020-04-09,645
"Sweden",2020-04-10,454
"Sweden",2020-04-11,395
"Sweden",2020-04-12,464
"Turkey",2020-01-02,0
"Turkey",2020-01-03,0
"Turkey",2020-01-04,0
"Turkey",2020-01-05,0
"Turkey",2020-01-06,0
"Turkey",2020-01-07,0
"Turkey",2020-01-08,0
"Turkey",2020-01-09,0
"Turkey",2020-01-10,0
"Turkey",2020-01-11,0
"Turkey",2020-01-12,0
"Turkey",2020-01-13,0
"Turkey",2020-01-14,0
"Turkey",2020-01-15,0
"Turkey",2020-01-16,0
"Turkey",2020-01-17,0
"Turkey",2020-01-18,0
"Turkey",2020-01-19,0
"Turkey",2020-01-20,0
"Turkey",2020-01-21,0
"Turkey",2020-01-22,0
"Turkey",2020-01-23,0
"Turkey",2020-01-24,0
"Turkey",2020-01-25,0
"Turkey",2020-01-26,0
"Turkey",2020-01-27,0
"Turkey",2020-01-28,0
"Turkey",2020-01-29,0
"Turkey",2020-01-30,0
"Turkey",2020-01-31,0
"Turkey",2020-02-01,0
"Turkey",2020-02-02,0
"Turkey",2020-02-03,0
"Turkey",2020-02-04,0
"Turkey",2020-02-05,0
"Turkey",2020-02-06,0
"Turkey",2020-02-07,0
"Turkey",2020-02-08,0
"Turkey",2020-02-09,0
"Turkey",2020-02-10,0
"Turkey",2020-02-11,0
"Turkey",2020-02-12,0
"Turkey",2020-02-13,0
"Turkey",2020-02-14,0
"Turkey",2020-02-15,0
"Turkey",2020-02-16,0
"Turkey",2020-02-17,0
"Turkey",2020-02-18,0
"Turkey",2020-02-19,0
"Turkey",2020-02-20,0
"Turkey",2020-02-21,0
"Turkey",2020-02-22,0
"Turkey",2020-02-23,0
"Turkey",2020-02-24,0
"Turkey",2020-02-25,0
"Turkey",2020-02-26,0
"Turkey",2020-02-27,0
"Turkey",2020-02-28,0
"Turkey",2020-02-29,0
"Turkey",2020-03-01,0
"Turkey",2020-03-02,0
"Turkey",2020-03-03,0
"Turkey",2020-03-04,0
"Turkey",2020-03-05,0
"Turkey",2020-03-06,0
"Turkey",2020-03-07,0
"Turkey",2020-03-08,0
"Turkey",2020-03-09,0
"Turkey",2020-03-10,1
"Turkey",2020-03-11,0
"Turkey",2020-03-12,0
"Turkey",2020-03-13,4
"Turkey",2020-03-14,1
"Turkey",2020-03-15,12
"Turkey",2020-03-16,29
"Turkey",2020-03-17,51
"Turkey",2020-03-18,93
"Turkey",2020-03-19,168
"Turkey",2020-03-20,311
"Turkey",2020-03-21,277
"Turkey",2020-03-22,289
"Turkey",2020-03-23,293
"Turkey",2020-03-24,343
"Turkey",2020-03-25,561
"Turkey",2020-03-26,1196
"Turkey",2020-03-27,2069
"Turkey",2020-03-28,1704
"Turkey",2020-03-29,1815
"Turkey",2020-03-30,1610
"Turkey",2020-03-31,2704
"Turkey",2020-04-01,2148
"Turkey",2020-04-02,2456
"Turkey",2020-04-03,2786
"Turkey",2020-04-04,3013
"Turkey",2020-04-05,3135
"Turkey",2020-04-06,3148
"Turkey",2020-04-07,3892
"Turkey",2020-04-08,4117
"Turkey",2020-04-09,4056
"Turkey",2020-04-10,4747
"Turkey",2020-04-11,5138
"Turkey",2020-04-12,4789
"United Kingdom",2020-01-01,0
"United Kingdom",2020-01-02,0
"United Kingdom",2020-01-03,0
"United Kingdom",2020-01-04,0
"United Kingdom",2020-01-05,0
"United Kingdom",2020-01-06,0
"United Kingdom",2020-01-07,0
"United Kingdom",2020-01-08,0
"United Kingdom",2020-01-09,0
"United Kingdom",2020-01-10,0
"United Kingdom",2020-01-11,0
"United Kingdom",2020-01-12,0
"United Kingdom",2020-01-13,0
"United Kingdom",2020-01-14,0
"United Kingdom",2020-01-15,0
"United Kingdom",2020-01-16,0
"United Kingdom",2020-01-17,0
"United Kingdom",2020-01-18,0
"United Kingdom",2020-01-19,0
"United Kingdom",2020-01-20,0
"United Kingdom",2020-01-21,0
"United Kingdom",2020-01-22,0
"United Kingdom",2020-01-23,0
"United Kingdom",2020-01-24,0
"United Kingdom",2020-01-25,0
"United Kingdom",2020-01-26,0
"United Kingdom",2020-01-27,0
"United Kingdom",2020-01-28,0
"United Kingdom",2020-01-29,0
"United Kingdom",2020-01-30,1
"United Kingdom",2020-01-31,0
"United Kingdom",2020-02-01,0
"United Kingdom",2020-02-02,1
"United Kingdom",2020-02-03,18
"United Kingdom",2020-02-04,0
"United Kingdom",2020-02-05,1
"United Kingdom",2020-02-06,0
"United Kingdom",2020-02-07,0
"United Kingdom",2020-02-08,3
"United Kingdom",2020-02-09,1
"United Kingdom",2020-02-10,1
"United Kingdom",2020-02-11,4
"United Kingdom",2020-02-12,1
"United Kingdom",2020-02-13,1
"United Kingdom",2020-02-14,0
"United Kingdom",2020-02-15,0
"United Kingdom",2020-02-16,0
"United Kingdom",2020-02-17,1
"United Kingdom",2020-02-18,0
"United Kingdom",2020-02-19,0
"United Kingdom",2020-02-20,0
"United Kingdom",2020-02-21,2
"United Kingdom",2020-02-22,0
"United Kingdom",2020-02-23,6
"United Kingdom",2020-02-24,2
"United Kingdom",2020-02-25,3
"United Kingdom",2020-02-26,2
"United Kingdom",2020-02-27,8
"United Kingdom",2020-02-28,12
"United Kingdom",2020-02-29,4
"United Kingdom",2020-03-01,20
"United Kingdom",2020-03-02,41
"United Kingdom",2020-03-03,57
"United Kingdom",2020-03-04,56
"United Kingdom",2020-03-05,49
"United Kingdom",2020-03-06,83
"United Kingdom",2020-03-07,68
"United Kingdom",2020-03-08,55
"United Kingdom",2020-03-09,148
"United Kingdom",2020-03-10,265
"United Kingdom",2020-03-11,403
"United Kingdom",2020-03-12,484
"United Kingdom",2020-03-13,478
"United Kingdom",2020-03-14,352
"United Kingdom",2020-03-15,441
"United Kingdom",2020-03-16,602
"United Kingdom",2020-03-17,783
"United Kingdom",2020-03-18,980
"United Kingdom",2020-03-19,1040
"United Kingdom",2020-03-20,1253
"United Kingdom",2020-03-21,1183
"United Kingdom",2020-03-22,1361
"United Kingdom",2020-03-23,2289
"United Kingdom",2020-03-24,2353
"United Kingdom",2020-03-25,2666
"United Kingdom",2020-03-26,3039
"United Kingdom",2020-03-27,3154
"United Kingdom",2020-03-28,2774
"United Kingdom",2020-03-29,2818
"United Kingdom",2020-03-30,4195
"United Kingdom",2020-03-31,4463
"United Kingdom",2020-04-01,4891
"United Kingdom",2020-04-02,4824
"United Kingdom",2020-04-03,4853
"United Kingdom",2020-04-04,3976
"United Kingdom",2020-04-05,3556
"United Kingdom",2020-04-06,5273
"United Kingdom",2020-04-07,5477
"United Kingdom",2020-04-08,5146
"United Kingdom",2020-04-09,4875
"United Kingdom",2020-04-10,4327
"United Kingdom",2020-04-11,3585
"United Kingdom",2020-04-12,3507
"United States",2020-01-01,0
"United States",2020-01-02,0
"United States",2020-01-03,0
"United States",2020-01-04,0
"United States",2020-01-05,0
"United States",2020-01-06,0
"United States",2020-01-07,0
"United States",2020-01-08,0
"United States",2020-01-09,0
"United States",2020-01-10,0
"United States",2020-01-11,0
"United States",2020-01-12,0
"United States",2020-01-13,0
"United States",2020-01-14,0
"United States",2020-01-15,0
"United States",2020-01-16,0
"United States",2020-01-17,0
"United States",2020-01-18,1
"United States",2020-01-19,0
"United States",2020-01-20,0
"United States",2020-01-21,0
"United States",2020-01-22,4
"United States",2020-01-23,2
"United States",2020-01-24,1
"United States",2020-01-25,0
"United States",2020-01-26,1
"United States",2020-01-27,0
"United States",2020-01-28,0
"United States",2020-01-29,0
"United States",2020-01-30,0
"United States",2020-01-31,1
"United States",2020-02-01,1
"United States",2020-02-02,3
"United States",2020-02-03,4
"United States",2020-02-04,2
"United States",2020-02-05,0
"United States",2020-02-06,0
"United States",2020-02-07,1
"United States",2020-02-08,0
"United States",2020-02-09,0
"United States",2020-02-10,0
"United States",2020-02-11,0
"United States",2020-02-12,2
"United States",2020-02-13,1
"United States",2020-02-14,1
"United States",2020-02-15,0
"United States",2020-02-16,0
"United States",2020-02-17,2
"United States",2020-02-18,5
"United States",2020-02-19,3
"United States",2020-02-20,1
"United States",2020-02-21,5
"United States",2020-02-22,8
"United States",2020-02-23,0
"United States",2020-02-24,4
"United States",2020-02-25,4
"United States",2020-02-26,8
"United States",2020-02-27,5
"United States",2020-02-28,4
"United States",2020-02-29,9
"United States",2020-03-01,18
"United States",2020-03-02,34
"United States",2020-03-03,51
"United States",2020-03-04,70
"United States",2020-03-05,77
"United States",2020-03-06,125
"United States",2020-03-07,143
"United States",2020-03-08,206
"United States",2020-03-09,384
"United States",2020-03-10,476
"United States",2020-03-11,472
"United States",2020-03-12,665
"United States",2020-03-13,799
"United States",2020-03-14,864
"United States",2020-03-15,1542
"United States",2020-03-16,1723
"United States",2020-03-17,2179
"United States",2020-03-18,2769
"United States",2020-03-19,3656
"United States",2020-03-20,4568
"United States",2020-03-21,5437
"United States",2020-03-22,6844
"United States",2020-03-23,8047
"United States",2020-03-24,8813
"United States",2020-03-25,10507
"United States",2020-03-26,14048
"United States",2020-03-27,15319
"United States",2020-03-28,15734
"United States",2020-03-29,21188
"United States",2020-03-30,11761
"United States",2020-03-31,20131
"United States",2020-04-01,22232
"United States",2020-04-02,24432
"United States",2020-04-03,26234
"United States",2020-04-04,26640
"United States",2020-04-05,21246
"United States",2020-04-06,24590
"United States",2020-04-07,25313
"United States",2020-04-08,27732
"United States",2020-04-09,28619
"United States",2020-04-10,26948
"United States",2020-04-11,26861
"United States",2020-04-12,22503
